Reference, Quantity, Value, Footprint, Datasheet, Part#, Vendor, Category, DK_Datasheet_Link, DK_Detail_Page, Description, Digi-Key_PN, Family, MPN, Manufacturer, Status
C1 C7 ,2,"100uF","Capacitor_SMD:CP_Elec_6.3x5.2","https://www.mouser.com/datasheet/2/420/MVYRA_e-2509074.pdf","661-EMVY160ADA101MF5","Mouser","","","","","","","","",""
C2 ,1,".1","Capacitor_SMD:C_1206_3216Metric_Pad1.33x1.80mm_HandSolder","https://www.mouser.com/datasheet/2/427/VISH_S_A0011539493_1-2572098.pdf","77-VJ1206Y104MXJPBC","Mouser","","","","","","","","",""
C3 C4 ,2,"2.2uF Tant","Capacitor_Tantalum_SMD:CP_EIA-3216-18_Kemet-A","https://www.mouser.com/datasheet/2/212/1/KEM_T2005_T491-1093550.pdf","80-T491A225K010","Mouser","","","","","","","","",""
C5 C6 ,2,"1uF","Capacitor_SMD:C_1206_3216Metric_Pad1.33x1.80mm_HandSolder","https://www.mouser.com/datasheet/2/212/KEM_C1023_X7R_AUTO_SMD-1093309.pdf","80-C1206C105K3RAUTO","Mouser","","","","","","","","",""
D10 ,1,"PWRUP","Diode_SMD:D_1206_3216Metric_Castellated","https://www.mouser.com/datasheet/2/109/Dialight_CBI_data_598-1206_Apr2018-1509999.pdf","645-598-8270-107F","Mouser","","","","","","","","",""
D11 ,1,"D_Zener","Diode_SMD:D_SOD-123F","https://www.mouser.com/datasheet/2/916/NZH_SER-1320207.pdf","771-NZH3V3A-115","Mouser","","","","","","","","",""
D1 D2 ,2,"1N914","Diode_SMD:D_SOD-123F","https://www.mouser.com/datasheet/2/395/1N4148W_SERIES_K1804-1918054.pdf","821-1N914BWRHG","Mouser","","","","","","","","",""
D3 ,1,"ShutDown","Diode_SMD:D_1206_3216Metric_Castellated","https://www.mouser.com/datasheet/2/109/Dialight_CBI_data_598-1206_Apr2018-1509999.pdf","645-598-8240-107F","Mouser","","","","","","","","",""
D4 ,1,"FAULT","Diode_SMD:D_1206_3216Metric_Castellated","https://www.mouser.com/datasheet/2/109/Dialight_CBI_data_598-1206_Apr2018-1509999.pdf","645-598-8220-107F","Mouser","","","","","","","","",""
D6 ,1,"MAINPWR","Diode_SMD:D_1206_3216Metric_Castellated","https://www.mouser.com/datasheet/2/109/Dialight_CBI_data_598-1206_Apr2018-1509999.pdf","645-598-8270-107F","Mouser","","","","","","","","",""
D7 ,1,"BAT54SW","Package_TO_SOT_SMD:SOT-323_SC-70","https://www.mouser.com/datasheet/2/916/BAT54W_SER-1598288.pdf","771-BAT54SWF","Mouser","","","","","","","","",""
D8 ,1,"Activity","Diode_SMD:D_1206_3216Metric_Castellated","https://www.mouser.com/datasheet/2/109/Dialight_CBI_data_598-1206_Apr2018-1509999.pdf","645-598-8291-107F","Mouser","","","","","","","","",""
D5 D9 ,2,"V8PAM10S","Footprint_Library:DO-221BC","https://www.vishay.com/doc?87013","78-V8PAM10SHM3/H","Mouser","","","","","","","","",""
J1 ,1,"12v, 0.5A nominal, 5A Surge","Connectors:Screw_Terminal_2Pin","~","https://www.amazon.com/Pieces-Pinch-Mount-Terminal-Connector/dp/B01MT4LC0F","Amazon","","","","","","","","",""
J2 ,1,"Power Switch","Connector_JST:JST_XH_B5B-XH-A_1x05_P2.50mm_Vertical","~","https://www.amazon.com/Header-Lystaii-Pin-Connector-Electronic/dp/B06ZZN8L9S","Amazon","","","","","","","","",""
J3 ,1,"Shutdown","Connector_PinHeader_2.54mm:PinHeader_1x02_P2.54mm_Vertical","~","https://www.amazon.com/Header-Lystaii-Pin-Connector-Electronic/dp/B06ZZN8L9S","Amazon","","","","","","","","",""
J4 ,1,"12V  5V","Connector_PinHeader_2.54mm:PinHeader_1x03_P2.54mm_Vertical","~","https://www.amazon.com/Header-Lystaii-Pin-Connector-Electronic/dp/B06ZZN8L9S","Amazon","","","","","","","","",""
J5 ,1,"Program","Connector_PinHeader_2.54mm:PinHeader_1x05_P2.54mm_Vertical","~","https://www.amazon.com/Header-Lystaii-Pin-Connector-Electronic/dp/B06ZZN8L9S","Amazon","","","","","","","","",""
J6 ,1,"Serial Debug","Connector_PinHeader_2.54mm:PinHeader_1x02_P2.54mm_Vertical","~","https://www.amazon.com/Header-Lystaii-Pin-Connector-Electronic/dp/B06ZZN8L9S","Amazon","","","","","","","","",""
J7 ,1,"REMOVE to PRGM","Connector_PinHeader_2.54mm:PinHeader_1x02_P2.54mm_Vertical","~","https://www.amazon.com/Header-Lystaii-Pin-Connector-Electronic/dp/B06ZZN8L9S","Amazon","","","","","","","","",""
J8 ,1,"5V 25W","Connectors:Screw_Terminal_2Pin","~","https://www.amazon.com/Pieces-Pinch-Mount-Terminal-Connector/dp/B01MT4LC0F","Amazon","","","","","","","","",""
J9 ,1,"FRAM I2C","Connector_JST:JST_XH_B3B-XH-A_1x03_P2.50mm_Vertical","~","https://www.amazon.com/Header-Lystaii-Pin-Connector-Electronic/dp/B06ZZN8L9S","Amazon","","","","","","","","",""
M1 ,1,"XL4015","Footprint_Library:XL4015","","https://www.amazon.com/Adjustable-Converter-1-25-36v-Efficiency-Regulator/dp/B079N9BFZC","Amazon","","","","","","","","",""
M2 ,1,"U1V11F5","Pololu:U1V11Fx","https://www.pololu.com/product/2562","2562","Pololu","","","","","","","","",""
M3 ,1,"U3V70F5","Pololu:U3V70F5","https://www.pololu.com/product/2891","2891","Pololu","","","","","","","","",""
Q1 Q2 Q4 Q5 Q7 ,5,"BSS806","digikey-footprints:SOT-23-3","https://www.mouser.com/datasheet/2/196/Infineon-BSS806NE-DS-v02_01-en-1226303.pdf","726-BSS806NEH6327XTS","Mouser","Discrete Semiconductor Products","https://www.onsemi.com/pub/Collateral/BSS138-D.PDF","/product-detail/en/on-semiconductor/BSS138/BSS138CT-ND/244294","MOSFET N-CH 50V 220MA SOT-23","BSS138CT-ND","Transistors - FETs, MOSFETs - Single","BSS138","ON Semiconductor","Active"
Q3 ,1,"SPD18P06PGBTMA1","Package_TO_SOT_SMD:TO-252-3_TabPin2","https://www.mouser.com/datasheet/2/196/Infineon-SPD18P06P-DS-v03_04-en-1225203.pdf","726-SPD18P06P","Mouser","Discrete Semiconductor Products","https://www.infineon.com/dgdl/irf9540npbf.pdf?fileId=5546d462533600a401535611cfa21dc8","/product-detail/en/infineon-technologies/IRF9540NPBF/IRF9540NPBF-ND/812088","MOSFET P-CH 100V 23A TO-220AB","IRF9540NPBF-ND","Transistors - FETs, MOSFETs - Single","IRF9540NPBF","Infineon Technologies","Active"
Q6 ,1,"SQ3495-EV","digikey-footprints:SOT-23-6","https://www.mouser.com/datasheet/2/427/sq3495ev-1868467.pdf","78-SQ3495EV-T1_GE3","Mouser","","","","","","","","",""
R10 ,1,"1R 25W","Connector_Wire:SolderWire-0.5sqmm_1x02_P4.6mm_D0.9mm_OD2.1mm","https://www.mouser.com/datasheet/2/427/VISH_S_A0003599165_1-2569051.pdf","71-RH0251R000FE02","Mouser","","","","","","","","",""
R2 R3 R4 R5 R6 R11 R14 R21 ,8,"1k","Resistor_SMD:R_1206_3216Metric","https://www.mouser.com/datasheet/2/447/PYu_RT_1_to_0_01_RoHS_L_11-1669912.pdf","603-RT1206FRD071KL","Mouser","","","","","","","","",""
R13 R15 R17 ,3,"9k 0.1%","Resistor_SMD:R_1206_3216Metric","https://www.mouser.com/datasheet/2/447/PYu_RT_1_to_0_01_RoHS_L_11-1669912.pdf","603-RT1206BRD079KL","Mouser","","","","","","","","",""
R7 R8 R16 R19 R20 ,5,"1k 0.1%","Resistor_SMD:R_1206_3216Metric","https://www.mouser.com/datasheet/2/447/PYu_RT_1_to_0_01_RoHS_L_11-1669912.pdf","603-RT1206BRD071KL","Mouser","","","","","","","","",""
R22 ,1,"50","Resistor_SMD:R_1206_3216Metric","https://www.mouser.com/datasheet/2/219/KOA_Speer_RN73__1_-1894048.pdf","660-RN732BTTD50R0B25","Mouser","","","","","","","","",""
R25 ,1,"470","Resistor_SMD:R_1206_3216Metric","https://www.mouser.com/datasheet/2/447/PYu_RT_1_to_0_01_RoHS_L_11-1669912.pdf","603-RT1206FRE07470RL","Mouser","","","","","","","","",""
R1 R9 R12 R18 R23 R24 ,6,"10k","Resistor_SMD:R_1206_3216Metric","https://www.mouser.com/datasheet/2/447/PYu_RT_1_to_0_01_RoHS_L_11-1669912.pdf","603-RT1206FRD0710KL","Mouser","","","","","","","","",""
S1 ,1,"RESET","digikey-footprints:Switch_Tactile_SMD_6x6mm","https://www.mouser.com/datasheet/2/315/sw_lt_eng_6s_th-1289042.pdf","667-EVQ-7Q201W","Mouser","Switches","https://www.te.com/commerce/DocumentDelivery/DDEController?Action=srchrtrv&DocNm=1825910&DocType=Customer+Drawing&DocLang=English","/product-detail/en/te-connectivity-alcoswitch-switches/1825910-6/450-1650-ND/1632536","SWITCH TACTILE SPST-NO 0.05A 24V","450-1650-ND","Tactile Switches","1825910-6","TE Connectivity ALCOSWITCH Switches","Active"
SC1 SC2 ,2,"100F/200F","SuperCaps:SCC-22-30mm","https://www.mouser.com/datasheet/2/40/AVX_SCC-1920423.pdf","581-SCCW45B107SSB / 581-SCCW45B207SSB","Mouser","","","","","","","","",""
U1 ,1,"MCP9700A","digikey-footprints:SOT-23-3","https://www.mouser.com/datasheet/2/268/20001942G-1820450.pdf","579-MCP9700AT-E/TT","Mouser","","","","","","","","",""
U2 ,1,"BTS443P","Package_TO_SOT_SMD:TO-252-4","https://www.mouser.com/datasheet/2/196/Infineon-BTS443P-DS-v01_00-EN-1226556.pdf","726-BTS443P","Mouser","","","","","","","","",""
U3 ,1,"ALD910027","Package_SO:SOIC-8_3.9x4.9mm_P1.27mm","https://www.mouser.com/datasheet/2/8/ALD810027-464310.pdf","585-ALD910027SAL","Mouser","","","","","","","","",""
U4 ,1,"PIC16F1709","Package_SO:SOIC-20W_7.5x12.8mm_P1.27mm","https://www.mouser.com/datasheet/2/268/40001729C-1066542.pdf","579-PIC16F1709T-I/SO","Mouser","","","","","","","","",""
U5 ,1,"MCP111-SOT23","digikey-footprints:SOT-23-3","http://www.microchip.com/mymicrochip/filehandler.aspx?ddocname=en011325","","","Integrated Circuits (ICs)","http://www.microchip.com/mymicrochip/filehandler.aspx?ddocname=en011325","/product-detail/en/microchip-technology/MCP130T-300I-TT/MCP130T-300I-TTCT-ND/275294","IC SUPERVISOR 3.00V LOW SOT23","MCP130T-300I/TTCT-ND","PMIC - Supervisors","MCP130T-300I/TT","Microchip Technology","Active"
U6 ,1,"MB85RC1MT","Package_SO:SOIC-8_3.9x4.9mm_P1.27mm","https://www.mouser.com/datasheet/2/1113/MB85RC1MT_DS501_00027_4v0_E-2329088.pdf","249-85C1MTPNFGJNERE1","Mouser","","","","","","","","",""
U7 ,1,"MCP1700-3302E_SOT23","Package_TO_SOT_SMD:SOT-23","https://www.mouser.com/datasheet/2/268/MCP1700_Data_Sheet_20001826F-737536.pdf","579-MCP1700T3302E/TT","","","","","","","","","",""
VRef1 ,1,"MCP1501-6Pin","digikey-footprints:SOT-23-6","https://www.mouser.com/datasheet/2/268/MCHP_S_A0012115150_1-2576319.pdf","579-MCP1501T-10E/CHY","Mouser","","","","","","","","",""